epoch,lr,train_loss,train_bce,train_dice,val_dice_global,val_iou_global,val_dice_mean,val_iou_mean,val_loss,time_s
1,0.001,0.5695629958311716,0.0818109178977708,0.5122479202970862,0.5867825822696883,0.415210409175459,0.5387673140957779,0.3917476857377784,0.4916104313939117,69.6352334022522
2,0.0009997532801828658,0.403360888560613,0.04447612950578332,0.6411152414480845,0.479087317260885,0.3149998830952373,0.4279977064591402,0.29864373321109255,0.5979016714317854,30.60419464111328
3,0.0009990133642141358,0.3746761480967204,0.04248149657001098,0.6678053506215413,0.6394631559076599,0.4700079668436082,0.5962887631786783,0.4464392201316184,0.43386228278625844,31.540203094482422
4,0.00099778098230154,0.3511889139811198,0.039527183038493,0.6883382680018743,0.6322525195944704,0.4622582228460848,0.5849623408969773,0.43938036824526044,0.44646140586498173,31.97394347190857
5,0.000996057350657239,0.34754486004511514,0.038946283012628556,0.6914014242092769,0.6346623608692674,0.4648391303951285,0.5915005156714132,0.4429785316787076,0.4397435590278271,31.929744958877563
6,0.0009938441702975688,0.3400470769405365,0.038422825274368126,0.6983757497866948,0.5189702689244032,0.35041178312301763,0.5144131676680674,0.3663638868000293,0.645319802816524,31.956300020217896
7,0.0009911436253643444,0.3472751140594482,0.038110360711192094,0.6908352462450663,0.6556083027076702,0.4876616718387188,0.618661987764111,0.4672287747546711,0.41592316849287164,31.96507453918457
8,0.0009879583809693736,0.3408931712309519,0.03778298600887259,0.6968898125489553,0.6436800450785032,0.474578319623528,0.60488870366253,0.45504216063788966,0.426538743251978,31.983633279800415
9,0.0009842915805643154,0.3273530725638072,0.03395602403829495,0.7066029477119445,0.6744937185231583,0.50885742900566,0.6358250674257708,0.4869290777124158,0.39320311296817867,31.994868993759155
10,0.0009801468428384714,0.3176607124010722,0.03382752555422485,0.7161668125788371,0.6804754614488655,0.5156974664495757,0.6393585257395283,0.49258117459107437,0.3883193481800168,31.899303197860718
11,0.0009755282581475767,0.3118915323416392,0.03469064176703493,0.7227991084257762,0.6664080464850709,0.49970910871847185,0.6313079234150667,0.4801353400316635,0.3984221053677936,31.919034242630005
12,0.0009704403844771127,0.30663390636444093,0.03427290969217817,0.7276390035947163,0.6388989645580667,0.46939863237310947,0.602007233267434,0.45463286040033385,0.4258476357127345,31.870441675186157
13,0.0009648882429441257,0.3091907326380412,0.03149517310783267,0.7223044427235922,0.6491604365082868,0.4805607224223627,0.6116189250181627,0.46024243930452363,0.4257553344549135,32.039748430252075
14,0.0009588773128419905,0.3071265975634257,0.033326317841808,0.7261997167269388,0.6699580188395247,0.5037119341563786,0.6419425397258665,0.4915843365690285,0.38619202791258345,31.901247262954712
15,0.0009524135262330098,0.30351150592168175,0.034037929760913056,0.7305264208714167,0.6883629650314934,0.5248120834343637,0.6560538600845046,0.5074808746388338,0.37356662473013236,31.947784185409546
16,0.0009455032620941839,0.3092613081137339,0.033205568809062246,0.7239442654450734,0.6487235032116684,0.4800819852587776,0.6099591581526459,0.4607673961157701,0.42099997609160666,31.94629406929016
17,0.0009381533400219318,0.30457971851030985,0.03209244657618304,0.7275127303600312,0.6636786760903293,0.4966460268317853,0.6307303945136141,0.48177744126341676,0.3986980485361676,31.954307079315186
18,0.0009303710135019719,0.3025167957941691,0.03416125454939902,0.7316444577773412,0.6858681708268394,0.5219173264058151,0.6569340673037759,0.5072587605090018,0.37374403864838357,31.897659301757812
19,0.0009221639627510076,0.2906219224135081,0.03080779313109815,0.7401858707269032,0.6696260389900991,0.503336699766567,0.6310998389411665,0.4811916491222061,0.3965073740759561,31.949774742126465
20,0.000913540287137281,0.29242795864741006,0.03048431332533558,0.7380563537279765,0.667637601398146,0.5010930975677093,0.636342817279262,0.4852082976381567,0.3938407343487407,31.909470081329346
21,0.0009045084971874739,0.2933890728155772,0.03153006850120922,0.738140994310379,0.6734625610439201,0.5076845487104398,0.6491960727211936,0.49983231234830594,0.3841670363448387,31.875335931777954
22,0.0008950775061878452,0.2995218042532603,0.03259008066728711,0.7330682718753815,0.6797384820696157,0.514851393332406,0.6459808519092747,0.4975869818026099,0.38369027403898015,31.97785496711731
23,0.0008852566213878947,0.2940412561098735,0.0316534372450163,0.7376121799151103,0.6928969486967016,0.530101240300695,0.6561653407102271,0.5081406142931133,0.36778185533922775,31.996638536453247
24,0.0008750555348152298,0.28994292855262754,0.0299478059882919,0.7400048784414928,0.6908580831473239,0.5277182513628653,0.6575291440696265,0.5092146511584841,0.36801485544027285,31.82355570793152
25,0.0008644843137107057,0.2990130273501078,0.0311340590318044,0.732121025721232,0.6834692732920926,0.5191441866314532,0.6490003284675123,0.4981763405211077,0.3755512750426004,31.81456756591797
26,0.0008535533905932737,0.286617583433787,0.031614461162438,0.7449968759218851,0.6996610241816974,0.5380604882210819,0.666905857722107,0.5186548383184465,0.3599310655926549,31.92623805999756
27,0.0008422735529643444,0.29803179621696474,0.029972551573688784,0.7319407594203949,0.6974927712643282,0.5355001153746963,0.6650262829178425,0.5164190078012303,0.36288275275119514,31.854783058166504
28,0.0008306559326618259,0.2817639863491058,0.03053291849171122,0.7487689326206843,0.6904337173979843,0.527223193335538,0.6572658841444059,0.5093164039673111,0.36856557879337043,31.9538996219635
29,0.0008187119948743449,0.29225876768430076,0.029628652359048525,0.737369889219602,0.6887381872758103,0.5252484138502699,0.6557320776947185,0.5064207418859925,0.37085298327512517,31.816020250320435
30,0.0008064535268264883,0.2915531861782074,0.029914027120297153,0.7383608400821686,0.57832521084532,0.4067914935659715,0.5495124440468833,0.40402437025493504,0.48111938459928644,31.93721318244934
31,0.0007938926261462367,0.28812057892481485,0.02960441332620879,0.741483838558197,0.6683591891574014,0.501906507907711,0.6327077494365928,0.484437833442108,0.393612802028656,31.958605527877808
32,0.0007810416889260654,0.29504485766092936,0.029991453437445064,0.7349465902646383,0.7004574664459281,0.5390031094482705,0.6666937487710933,0.518870127460163,0.3583653319713681,31.91915726661682
33,0.0007679133974894983,0.2732561012109121,0.027363256672397255,0.754107152223587,0.6916159460283521,0.5286031604626535,0.6561320915727845,0.507375078300045,0.3692956899487695,31.914170265197754
34,0.0007545207078751857,0.27418948570887247,0.02856729586608708,0.7543778077761332,0.706101109178303,0.5457158315746681,0.6673716731861691,0.5210033071493612,0.3582722683285558,31.932451248168945
35,0.0007408768370508577,0.2882481586933136,0.02905229716251294,0.7408041387796402,0.7009490577882416,0.5395855043181053,0.6665561369819254,0.5186591742090063,0.3589146206545275,31.868183135986328
36,0.0007269952498697734,0.2878025392691294,0.029689767695963383,0.7418872225284576,0.7105606015320336,0.5510616492533721,0.6743284295942176,0.528040326522827,0.35115667969681497,31.98092794418335
37,0.0007128896457825364,0.2766834044456482,0.02879442715086043,0.7521110184987386,0.7088291714057752,0.5489817115660212,0.669271117855702,0.5221762638251338,0.35487296692160675,31.822624683380127
38,0.0006985739453173903,0.287887894709905,0.027988701645905775,0.7401008059581121,0.6890067750463015,0.5255608968312064,0.6566308939939808,0.5060298521949556,0.36864345434100126,31.82346248626709
39,0.0006840622763423391,0.2861809794108073,0.027465252668286363,0.7412842696905136,0.6999790414647076,0.5384367358610588,0.6642601953804312,0.5160064790771975,0.36202952750893524,31.893778085708618
40,0.0006693689601226458,0.279396249850591,0.028769423120344677,0.7493731731176376,0.6936189886194428,0.5309469309313063,0.6579478229566159,0.5089278867136761,0.3662101071934367,31.922022342681885
41,0.0006545084971874737,0.26618460536003113,0.02813036152161658,0.7619457566738128,0.7103033715480342,0.5507522900177056,0.6758042364156485,0.5299798945720665,0.3486363125401874,31.866398334503174
42,0.0006394955530196147,0.2680087208747864,0.02780419779320558,0.7597954805692037,0.6962177164023041,0.5339984483307597,0.6596643741704881,0.511207864282174,0.3637978947439859,31.920549869537354
43,0.0006243449435824273,0.2791443121433258,0.028225375177959602,0.7490810650587082,0.6967256766013248,0.5345963348563528,0.6650705041135847,0.5160988712739493,0.3598440026128015,31.934257984161377
44,0.0006090716206982714,0.2757130618890127,0.028877280264471967,0.7531642178694408,0.7119744862278503,0.5527642726134676,0.6765464742096489,0.5299567506278765,0.3490108029786931,31.903982400894165
45,0.0005936906572928625,0.27830045580863955,0.02824749203398824,0.7499470350146293,0.6741352106093603,0.5084494406998992,0.6418025190402418,0.49382189713516417,0.3830237804457199,31.895326614379883
46,0.0005782172325201156,0.27476263523101807,0.027508000104377667,0.7527453597386679,0.6866831703424854,0.5228617762566539,0.6535947864713553,0.5051155618024662,0.3708270912946657,31.928641319274902
47,0.0005626666167821523,0.2744979977607727,0.0288877100776881,0.7543897078434626,0.7048372094599288,0.5442074267482763,0.6736417361825687,0.5273753220700278,0.35171972041906313,31.940388441085815
48,0.0005470541566592572,0.2851051358381907,0.028743302814352015,0.7436381715536118,0.7058997262706354,0.5454752932215671,0.6732487881023448,0.5269668751138753,0.35258238537367,31.960588216781616
49,0.0005313952597646569,0.2782841086387634,0.027433996219187975,0.7491498875617981,0.701518133806248,0.5402602470395773,0.6654213598893194,0.5164153753976032,0.35956228195234785,31.85069966316223
50,0.0005157053795390643,0.27325456380844115,0.02764866903424263,0.754394101301829,0.7031781244486209,0.5422318498056223,0.6680088633057242,0.5207495767758522,0.3560793413672336,31.86055326461792
51,0.0005000000000000002,0.2771162462234497,0.02779690514008204,0.7506806596120199,0.7088810747947886,0.5490439811205761,0.6771237659086992,0.5302848544939818,0.3489084507143775,31.85767149925232
52,0.00048429462046093607,0.2661363037427266,0.028070589154958726,0.7619342843691508,0.714153184015896,0.555395226817379,0.6784849235679364,0.5323186756733208,0.34381330013275146,31.886386156082153
53,0.0004686047402353435,0.26089409391085305,0.0271126625717928,0.7662185712655385,0.7101547098654324,0.550573557384811,0.6739329065663031,0.5277863504149908,0.34980717232060987,31.933298110961914
54,0.000452945843340743,0.260471640030543,0.026986466672581932,0.7665148301919301,0.6983640369004579,0.5365279207847538,0.6633544031226097,0.5160589074098982,0.3608617962792862,31.87407922744751
55,0.00043733338321784806,0.26741379300753276,0.028112835735082626,0.76069904367129,0.6982105070561468,0.536346706468817,0.6622077017764514,0.5130533668038743,0.3627798737481583,31.880826234817505
56,0.0004217827674798847,0.27464988191922507,0.027030756970246633,0.7523808755477269,0.6946715939389114,0.5321814730402804,0.6566971430754839,0.5086420641094067,0.3658451978550401,31.853370189666748
57,0.00040630934270713783,0.25400333364804584,0.026414322378113867,0.7724109907944997,0.7061958364511458,0.5458290028330705,0.6743565534461258,0.5289036898972,0.34966589822325594,31.829572916030884
58,0.000390928379301729,0.2685135062535604,0.026889228496390083,0.7583757241566976,0.7016817636085899,0.5404543693069183,0.6670479982463411,0.5200928443214118,0.35880055538443634,31.945343017578125
59,0.0003756550564175727,0.262972997824351,0.025455977162346245,0.7624829785029094,0.7175539898642086,0.5595198427013942,0.6807461205397183,0.5362173357568513,0.344078611495883,31.996095418930054
60,0.00036050444698038553,0.26851431012153626,0.026020368635654448,0.7575060625871023,0.7055932872069198,0.5451094159457699,0.6713054828196395,0.52647230867858,0.3544773112895877,31.847290992736816
61,0.00034549150281252655,0.2657760488986969,0.026864740494638682,0.761088695327441,0.7103200414422846,0.550772334429896,0.6756487151255027,0.5297792058525533,0.34883723286695256,31.926435232162476
62,0.0003306310398773544,0.25725201646486917,0.026035731183364986,0.7687837167580922,0.7003797475877015,0.538911075206536,0.6610434857199557,0.5123489486488413,0.3617056857707889,31.89039444923401
63,0.00031593772365766127,0.264606640736262,0.02507970221961538,0.7604730562369029,0.7121172812281098,0.5529364365624663,0.6763687612940499,0.5312636401874657,0.3467959221019301,31.881865978240967
64,0.0003014260546826097,0.26553717176119485,0.027625328944996,0.7620881553490957,0.6969513854428455,0.534862151462942,0.662939484067841,0.5157396567158067,0.35994392356207205,31.916443347930908
65,0.0002871103542174637,0.2650438431898753,0.025445005912333726,0.7604011658827464,0.7059714428758822,0.545560945304678,0.6671235860547541,0.520866380665513,0.35506335108779197,31.968660831451416
66,0.0002730047501302267,0.2703542232513428,0.026808288081083445,0.7564540594816208,0.7031676298045458,0.5422193692609376,0.6681023661188662,0.5215866265623401,0.3553012027296909,31.85985565185547
67,0.00025912316294914234,0.26220140933990477,0.025318425999333462,0.7631170153617859,0.7139728778775449,0.5551771541950113,0.6769473767115306,0.5305570764068209,0.3450896130051724,31.822232246398926
68,0.0002454792921248144,0.2606934332847595,0.025190235382566848,0.7644968008995057,0.7090089682036417,0.549197438821156,0.6744035454310204,0.528612400680979,0.3481859661812006,31.830043077468872
69,0.00023208660251050164,0.26509172439575196,0.027113235738749304,0.7620215098063151,0.7143588991580475,0.555644105256297,0.6758801677995294,0.529111105895797,0.34691005252128426,32.019964933395386
70,0.00021895831107393473,0.26066799958546955,0.025764132337644696,0.7650961311658223,0.7115671543660639,0.5522733736393982,0.6783955365282459,0.5333010212677413,0.3444399611894475,31.868723392486572
71,0.00020610737385376356,0.26762988924980163,0.02513344372312228,0.7575035520394643,0.7113990179786683,0.5520708333333333,0.6767229659434238,0.5310483774353562,0.34572700012561886,31.890419960021973
72,0.00019354647317351177,0.25376146952311196,0.024361797273159028,0.7706003284454346,0.696323389509394,0.5341227908103299,0.6618260494328382,0.5128880750394598,0.36101664637410363,31.828147172927856
73,0.0001812880051256552,0.26755794604619343,0.026016755408296982,0.758458813826243,0.7176621197739426,0.5596513452815018,0.6795872836529001,0.5341009671355196,0.34278427306995835,31.874144077301025
74,0.00016934406733817422,0.24697317520777384,0.025007683585087457,0.7780345084269842,0.7083762928659336,0.5484385962825986,0.6718413709053841,0.5248587295370999,0.3505314075669577,31.793580293655396
75,0.0001577264470356557,0.25499994357426964,0.025789428145314257,0.7707894841829935,0.7116438192740348,0.5523657432007943,0.6754374156395169,0.5294732939257586,0.3465521349463352,31.87447237968445
76,0.00014644660940672634,0.2571173850695292,0.02529106695515414,0.7681736771265666,0.7151095226191544,0.5565529009732039,0.6759996383907617,0.5300831054162045,0.3448706186094949,32.04267930984497
77,0.0001355156862892944,0.25751540780067445,0.02522173552744789,0.7677063310146331,0.7145880130377958,0.5559213857391914,0.6800907250210253,0.5348687546971218,0.3434255843938783,31.891794681549072
78,0.00012494446518477025,0.26375914494196573,0.027026458671316506,0.7632673144340515,0.7147064357003556,0.5560647431466745,0.6770685056956209,0.5325446777708261,0.3447340061498243,31.89388418197632
79,0.00011474337861210548,0.25241869370142617,0.024156330215434233,0.7717376391092936,0.7078898680654158,0.5478556746595143,0.671688891139745,0.5250687914246421,0.3505848216456036,31.924360275268555
80,0.00010492249381215483,0.2559747982025147,0.025423891384465,0.7694490933418274,0.7125039463800354,0.5534028196643687,0.6751246467667585,0.5288616847220476,0.34689250380493875,31.92131471633911
81,9.549150281252637e-05,0.2506398280461629,0.02390371876147886,0.77326389392217,0.6984655426889776,0.5366477535539178,0.6665556079561609,0.5184865121332589,0.3564881737842116,31.97115135192871
82,8.645971286271918e-05,0.2590763020515442,0.025942109677319726,0.766865808169047,0.7173385445979659,0.5592578942610582,0.6814312586335138,0.5370053120180346,0.34115090342455134,31.92933750152588
83,7.78360372489926e-05,0.2602223972479502,0.024908259467532237,0.7646858632564545,0.713387561680439,0.5544696603525702,0.6758741625523547,0.530445929876372,0.3456789393757665,31.93795871734619
84,6.962898649802815e-05,0.25881651679674783,0.02535475658252835,0.7665382413069407,0.7136820470069961,0.5548255354334448,0.6775081885510555,0.5320060503007688,0.3451781716457633,31.930391788482666
85,6.184665997806824e-05,0.25254209677378336,0.024187971769521633,0.7716458757718404,0.7140377006789046,0.5552555475816594,0.6766233535004718,0.5318601665775525,0.3454304808794066,32.01160979270935
86,5.449673790581613e-05,0.24688365697860717,0.02509233493357897,0.77820867617925,0.713491701545273,0.5545954910685569,0.6762659698992368,0.5312626661605483,0.34687706897425097,31.945404529571533
87,4.758647376699034e-05,0.25350273251533506,0.02486896651176115,0.7713662336270014,0.714735551676839,0.5560999937478462,0.6771819016034779,0.5314732874677744,0.34496077132779496,31.84636664390564
88,4.112268715800956e-05,0.2485048758983612,0.02417204324156046,0.7756671671072642,0.7161091508662313,0.557764821946807,0.6778832873563093,0.5324137320333354,0.34375824900560603,31.94496440887451
89,3.511175705587434e-05,0.2502724119027456,0.023515862496569753,0.7732434491316478,0.7114348926136733,0.5521140441686483,0.6735640159046665,0.527193710512063,0.3478480341822602,31.832123279571533
90,2.9559615522887284e-05,0.261810272137324,0.025459258581201235,0.7636489856243134,0.7084272632466178,0.5484997035686792,0.6717202860243062,0.5251145534132965,0.3497403167014898,31.923245191574097
91,2.447174185242324e-05,0.25545578757921855,0.024980780699600778,0.7695249950885773,0.7122976974816924,0.5531540140051628,0.6746409406156856,0.5292052764645712,0.3477405725523483,31.826050758361816
92,1.9853157161528526e-05,0.251007155974706,0.022603494090338547,0.7715963351726532,0.7118272274988693,0.5525867668486562,0.673584017964261,0.5273989671730269,0.34779249790102934,31.86024808883667
93,1.570841943568452e-05,0.2449267359574636,0.02569811005455752,0.7807713782787323,0.7120858468830414,0.5528985337723633,0.6742471390979787,0.5281890046959479,0.34760310899379643,31.89304232597351
94,1.204161903062634e-05,0.24852801442146302,0.024177071799834568,0.7756490552425385,0.7138367948988099,0.5550126080948242,0.6755798313086478,0.5302002731992893,0.34639525967974993,31.850423574447632
95,8.85637463565564e-06,0.2520392334461212,0.025541196254392464,0.7735019648075103,0.7133602292542226,0.5544366383457401,0.6745576222353192,0.5287682302446062,0.3465966914975366,31.805104732513428
96,6.155829702431171e-06,0.25380560000737507,0.024546929754627248,0.7707413283983866,0.7142509682474257,0.5555135182749055,0.6757579642781051,0.5302539292245129,0.3458464450614397,31.91793417930603
97,3.942649342761118e-06,0.2461733035246531,0.02446123310364783,0.7782879261175791,0.7142718463656342,0.5555387772653209,0.6759352511817118,0.530548175938988,0.3459013672762139,31.876490354537964
98,2.2190176984600023e-06,0.2548748024304708,0.02481295559555292,0.7699381502469381,0.7144109898486855,0.5557071382903304,0.6760500199738293,0.5305196963709007,0.34568725075832635,31.925646781921387
99,9.866357858642206e-07,0.2511125365893046,0.024768677422155938,0.7736561441421509,0.7147850188541,0.5561598871317205,0.6763285915129584,0.5309477723985823,0.34568586321764216,31.7922682762146
100,2.467198171342e-07,0.25372669657071434,0.02540088222672542,0.7716741820176443,0.7148645088532591,0.5562561409111637,0.6763696558512127,0.5310882978614782,0.34524681401807206,31.905139446258545
