model,threshold,obj_f1,obj_precision,obj_recall
logistic,0.0,0.8176617804790848,0.787534435261708,0.850185873605948
logistic,0.01,0.8228098578881093,0.7971418612757059,0.850185873605948
logistic,0.02,0.8237202595529921,0.7995101469559133,0.8494423791821561
logistic,0.03,0.82476087348854,0.8014731673097159,0.8494423791821561
logistic,0.04,0.8264014466546112,0.8045774647887324,0.8494423791821561
logistic,0.05,0.826362484157161,0.8055065301800212,0.8483271375464684
logistic,0.06,0.8268986768171107,0.8068623983020871,0.8479553903345725
logistic,0.07,0.8268602540834846,0.8078014184397163,0.8468401486988848
logistic,0.08,0.8274609516890665,0.8089488636363636,0.8468401486988848
logistic,0.09,0.8275486098491732,0.809456096693921,0.8464684014869889
logistic,0.1,0.8276990185387132,0.8097439544807966,0.8464684014869889
logistic,0.11,0.8278494819123796,0.8100320170757738,0.8464684014869889
logistic,0.12,0.8283012004365223,0.8108974358974359,0.8464684014869889
logistic,0.13,0.8283894449499545,0.8114081996434938,0.846096654275093
logistic,0.14,0.8286910613508102,0.8119871566179094,0.846096654275093
logistic,0.15,0.8286286650883263,0.8122099250267761,0.845724907063197
logistic,0.16,0.8281392381993804,0.8122988916696461,0.8446096654275093
logistic,0.17,0.8280138610249863,0.8127461510920158,0.8438661710037175
logistic,0.18,0.8280138610249863,0.8127461510920158,0.8438661710037175
logistic,0.19,0.8278883007848148,0.8131946934385085,0.8431226765799257
logistic,0.2,0.8276743336984301,0.8131276901004304,0.8427509293680298
logistic,0.21,0.8279766252739226,0.8137114142139268,0.8427509293680298
logistic,0.22,0.8282791377420533,0.8142959770114943,0.8427509293680298
logistic,0.23,0.8285191956124315,0.8151079136690648,0.8423791821561338
logistic,0.24,0.8284564740307242,0.8153347732181425,0.8420074349442379
logistic,0.25,0.8289112534309241,0.8162162162162162,0.8420074349442379
logistic,0.26,0.8290629575402635,0.8165104542177362,0.8420074349442379
logistic,0.27,0.8284197033510347,0.8163118007939372,0.8408921933085501
logistic,0.28,0.8285086112128985,0.8168352601156069,0.8405204460966543
logistic,0.29,0.8286604361370716,0.8171304662088905,0.8405204460966543
logistic,0.3,0.8283198826118855,0.8175235336712527,0.8394052044609666
logistic,0.31,0.828256880733945,0.8177536231884058,0.8390334572490706
logistic,0.32,0.8284979801689313,0.818577648766328,0.8386617100371747
logistic,0.33,0.8288023512123439,0.8191721132897604,0.8386617100371747
logistic,0.34,0.8288917478404705,0.8197019265721556,0.8382899628252788
logistic,0.35,0.8288917478404705,0.8197019265721556,0.8382899628252788
logistic,0.36,0.8293490253769769,0.8205967976710334,0.8382899628252788
logistic,0.37,0.8296541574687271,0.8211944646758922,0.8382899628252788
logistic,0.38,0.8295914611704085,0.8214285714285714,0.8379182156133829
logistic,0.39,0.8295287187039765,0.8216630196936543,0.8375464684014869
logistic,0.4,0.829097605893186,0.8215328467153284,0.8368029739776952
logistic,0.41,0.8287557603686636,0.8219378427787934,0.8356877323420074
logistic,0.42,0.8289983397897067,0.8227755400952033,0.8353159851301115
logistic,0.43,0.8289983397897067,0.8227755400952033,0.8353159851301115
logistic,0.44,0.8287822878228782,0.8227106227106227,0.8349442379182156
logistic,0.45,0.8286558345642541,0.8231841526045488,0.8342007434944237
logistic,0.46,0.8288354898336414,0.8242647058823529,0.833457249070632
logistic,0.47,0.8290788013318535,0.8251104565537555,0.8330855018587361
logistic,0.48,0.8288621646623496,0.8250460405156538,0.8327137546468402
logistic,0.49,0.828735419366784,0.8255256362965695,0.8319702602230483
logistic,0.5,0.8283015373217263,0.8253968253968254,0.8312267657992565
logistic,0.51,0.8279569892473119,0.8258136094674556,0.8301115241635688
logistic,0.52,0.8282003710575139,0.8266666666666667,0.8297397769516729
logistic,0.53,0.8280089153046062,0.8273942093541202,0.8286245353159851
logistic,0.54,0.8275092936802974,0.8275092936802974,0.8275092936802974
logistic,0.55,0.8267906976744186,0.82756052141527,0.8260223048327138
logistic,0.56,0.8270340718674363,0.8284222305110034,0.8256505576208178
logistic,0.57,0.827123695976155,0.8289768483943242,0.8252788104089219
logistic,0.58,0.8267114344338743,0.8296518157993261,0.8237918215613383
logistic,0.59,0.8256161314413741,0.8293323330832708,0.8219330855018587
logistic,0.6,0.8259487754720508,0.8307634449040993,0.8211895910780669
logistic,0.61,0.8264369968170755,0.8325160316861562,0.8204460966542751
logistic,0.62,0.8259808522620612,0.8342813803564657,0.8178438661710037
logistic,0.63,0.8253669552126458,0.8357469512195121,0.8152416356877323
logistic,0.64,0.8243064729194187,0.8371023380605596,0.8118959107806691
logistic,0.65,0.8235961429381735,0.83801462100808,0.8096654275092937
logistic,0.66,0.824109173616376,0.8406805877803558,0.80817843866171
logistic,0.67,0.8227920227920228,0.8411650485436893,0.8052044609665427
logistic,0.68,0.8215577985145687,0.8422491214369386,0.8018587360594795
logistic,0.69,0.8201603665521191,0.8430141287284144,0.7985130111524164
logistic,0.7,0.8197663282895997,0.8455156064796523,0.7955390334572491
logistic,0.71,0.8184438040345822,0.8469184890656064,0.79182156133829
logistic,0.72,0.8149005983400888,0.8474508229626656,0.7847583643122676
logistic,0.73,0.8108632395732299,0.847870182555781,0.7769516728624535
logistic,0.74,0.8081951219512196,0.8505133470225873,0.7698884758364313
logistic,0.75,0.8043947420051011,0.8516825924387204,0.7620817843866171
logistic,0.76,0.8003163305654409,0.8547297297297297,0.7524163568773234
logistic,0.77,0.7972892166633446,0.8594757198109153,0.7434944237918215
logistic,0.78,0.793013451114234,0.8620689655172413,0.7342007434944238
logistic,0.79,0.7874493927125507,0.8644444444444445,0.7230483271375465
logistic,0.8,0.7769577695776958,0.8660877513711152,0.7044609665427509
logistic,0.81,0.7675675675675676,0.870754716981132,0.6862453531598512
logistic,0.82,0.7570526315789474,0.8728155339805825,0.6684014869888476
logistic,0.83,0.7449807774455361,0.8755020080321285,0.6483271375464684
logistic,0.84,0.7276290006531678,0.8780872306883868,0.6211895910780669
logistic,0.85,0.7062235110417131,0.882877858337981,0.5884758364312268
logistic,0.86,0.6761402704561081,0.881649731022116,0.5483271375464684
logistic,0.87,0.6460885956644675,0.8822393822393823,0.5096654275092937
logistic,0.88,0.6097323600973236,0.8823943661971831,0.4657992565055762
logistic,0.89,0.5745053844227398,0.8802762854950115,0.4263940520446097
logistic,0.9,0.5323331608898086,0.875,0.3825278810408922
boosting,0.0,0.8176617804790848,0.787534435261708,0.850185873605948
boosting,0.01,0.8246120534103212,0.8011921458625526,0.8494423791821561
boosting,0.02,0.8252076561935717,0.8023174157303371,0.8494423791821561
boosting,0.03,0.8254887762490949,0.8045165843330981,0.8475836431226765
boosting,0.04,0.8260475240341012,0.8065887353878852,0.8464684014869889
boosting,0.05,0.8270977115873592,0.80859375,0.8464684014869889
boosting,0.06,0.8271470160116449,0.8100498930862438,0.8449814126394052
boosting,0.07,0.8268075031870333,0.8104248482684755,0.8438661710037175
boosting,0.08,0.8267687819110139,0.8113815318539728,0.8427509293680298
boosting,0.09,0.8272213099799307,0.8122536725188104,0.8427509293680298
boosting,0.1,0.8271830471318963,0.8132183908045977,0.841635687732342
boosting,0.11,0.8274223034734918,0.8140287769784172,0.8412639405204461
boosting,0.12,0.8281793229643184,0.8154954954954955,0.8412639405204461
boosting,0.13,0.8272827282728272,0.8162083936324168,0.8386617100371747
boosting,0.14,0.8273077628922738,0.8169626676332005,0.8379182156133829
boosting,0.15,0.8277634961439588,0.8178519593613933,0.8379182156133829
boosting,0.16,0.8280933995219709,0.8192069843579484,0.8371747211895911
boosting,0.17,0.8281824871228844,0.8197378004369993,0.8368029739776952
boosting,0.18,0.8286661753868828,0.8214024835646457,0.8360594795539034
boosting,0.19,0.8278915329275042,0.8216770413767851,0.8342007434944237
boosting,0.2,0.8269621421975992,0.821651376146789,0.8323420074349442
boosting,0.21,0.8267061216941003,0.8225984541774015,0.8308550185873605
boosting,0.22,0.8269479918563761,0.8234426833763362,0.8304832713754647
boosting,0.23,0.8264738598442715,0.8243343195266272,0.8286245353159851
boosting,0.24,0.8269337785197551,0.8252499074416882,0.8286245353159851
boosting,0.25,0.8274196544677689,0.8269587820274786,0.8278810408921933
boosting,0.26,0.8276888723483439,0.8286140089418778,0.8267657992565056
boosting,0.27,0.827123695976155,0.8289768483943242,0.8252788104089219
boosting,0.28,0.8275862068965517,0.8299065420560747,0.8252788104089219
boosting,0.29,0.8278306286140645,0.8307749906402097,0.824907063197026
boosting,0.3,0.8275475923852184,0.8309595202398801,0.8241635687732342
boosting,0.31,0.8271604938271605,0.8324548192771084,0.8219330855018587
boosting,0.32,0.8270958083832335,0.8327053504144687,0.8215613382899628
boosting,0.33,0.8269014612214313,0.8334592145015106,0.8204460966542751
boosting,0.34,0.8266416510318949,0.834469696969697,0.8189591078066915
boosting,0.35,0.8260052611800075,0.8351063829787234,0.817100371747212
boosting,0.36,0.8260297160052661,0.8359345260753711,0.8163568773234201
boosting,0.37,0.82545659951045,0.8363220144982831,0.8148698884758364
boosting,0.38,0.8251036562382209,0.8367737003058104,0.8137546468401488
boosting,0.39,0.8240181268882175,0.837298541826554,0.8111524163568773
boosting,0.4,0.8239742862544904,0.8383993843786072,0.8100371747211896
boosting,0.41,0.8234848484848485,0.8393822393822394,0.80817843866171
boosting,0.42,0.8225255972696246,0.8393962848297214,0.8063197026022305
boosting,0.43,0.8224795898993734,0.840512223515716,0.8052044609665427
boosting,0.44,0.8222771336247862,0.8413068844807468,0.804089219330855
boosting,0.45,0.821917808219178,0.8417770849571318,0.8029739776951673
boosting,0.46,0.821265243902439,0.8424550430023455,0.8011152416356877
boosting,0.47,0.8201603665521191,0.8430141287284144,0.7985130111524164
boosting,0.48,0.8207186544342507,0.8446105428796223,0.7981412639405204
boosting,0.49,0.8207384733116511,0.8454867954276705,0.7973977695167286
boosting,0.5,0.8206011870572468,0.8460323726806158,0.7966542750929368
boosting,0.51,0.819628138777075,0.8460625247328848,0.7947955390334572
boosting,0.52,0.818495778971604,0.8457573354480571,0.7929368029739777
boosting,0.53,0.8178153196390862,0.8455736403334657,0.79182156133829
boosting,0.54,0.8186189651856126,0.8481466719808689,0.7910780669144981
boosting,0.55,0.8184093972655497,0.8489812225329605,0.7899628252788105
boosting,0.56,0.818199344515134,0.8498197837404886,0.7888475836431227
boosting,0.57,0.8179185170882409,0.8509441542788269,0.787360594795539
boosting,0.58,0.8171793383633198,0.8519564340459863,0.7851301115241636
boosting,0.59,0.8168086754453912,0.8524656426839127,0.7840148698884758
boosting,0.6,0.8158200853043815,0.8525121555915721,0.7821561338289963
boosting,0.61,0.8157639293341099,0.8537180008126778,0.7810408921933085
boosting,0.62,0.8151603498542274,0.8541751527494909,0.7795539033457249
boosting,0.63,0.8146275043765804,0.8543451652386781,0.7784386617100372
boosting,0.64,0.8139489577245276,0.8550961932050757,0.7765799256505577
boosting,0.65,0.8140625,0.8576131687242798,0.774721189591078
boosting,0.66,0.8128425998433829,0.858560794044665,0.7717472118959108
boosting,0.67,0.8130272709436923,0.8608226007478189,0.7702602230483271
boosting,0.68,0.8117878192534381,0.8608333333333333,0.7680297397769517
boosting,0.69,0.8098522167487685,0.8616352201257862,0.7639405204460966
boosting,0.7,0.8087625814091178,0.8620109381573412,0.7617100371747212
boosting,0.71,0.8068856351404828,0.8625211505922166,0.7579925650557621
boosting,0.72,0.8057925014878,0.8638877073585708,0.7550185873605948
boosting,0.73,0.8035003977724742,0.8639863130881095,0.7509293680297398
boosting,0.74,0.803030303030303,0.8658641444539983,0.7486988847583643
boosting,0.75,0.801038753495805,0.8657167530224525,0.7453531598513011
boosting,0.76,0.8000801282051282,0.86750651607298,0.7423791821561339
boosting,0.77,0.7972674301788226,0.8675120244862266,0.737546468401487
boosting,0.78,0.7962142569472412,0.8686291739894552,0.7349442379182156
boosting,0.79,0.7953216374269005,0.869105332745703,0.7330855018587361
boosting,0.8,0.7938498887315395,0.8708388814913449,0.729368029739777
boosting,0.81,0.7919626547594886,0.8721502011622709,0.725278810408922
boosting,0.82,0.7901485853857114,0.873144399460189,0.7215613382899628
boosting,0.83,0.7881511746680286,0.8748299319727891,0.7171003717472119
boosting,0.84,0.7872820512820513,0.8782608695652174,0.7133828996282527
boosting,0.85,0.7844348363187152,0.8790955237655745,0.70817843866171
boosting,0.86,0.7802152317880795,0.8800186741363212,0.7007434944237918
boosting,0.87,0.7763677969627626,0.8814359943316014,0.6936802973977695
boosting,0.88,0.7720910800083559,0.8812589413447782,0.6869888475836431
boosting,0.89,0.7658680117696511,0.8810444874274661,0.6773234200743494
boosting,0.9,0.761723700887199,0.8820939334637965,0.6702602230483271
