variant,fold,model,threshold,cv_f1_other_folds,objects,dropped
L + clf,0,boosting,0.23,0.8205499276410999,760,65
L + ws20 + clf,0,boosting,0.26,0.8285972850678733,764,61
L + ws20 + a300 + clf,0,boosting,0.29,0.832635221271171,727,37
L + clf,1,logistic,0.35,0.7988132764694975,883,52
L + ws20 + clf,1,logistic,0.27,0.8069852941176471,886,35
L + ws20 + a300 + clf,1,boosting,0.17,0.8147733631785115,865,29
L + clf,2,logistic,0.25,0.8072078376487054,700,44
L + ws20 + clf,2,logistic,0.34,0.8136482939632546,704,47
L + ws20 + a300 + clf,2,boosting,0.24,0.8214602949014035,675,33
L + clf,3,logistic,0.47,0.803477630863974,746,66
L + ws20 + clf,3,logistic,0.53,0.8106336489439184,751,76
L + ws20 + a300 + clf,3,logistic,0.52,0.8169994504488002,730,65
L + clf,4,logistic,0.48,0.8162748643761302,747,89
L + ws20 + clf,4,logistic,0.42,0.8207327971403039,753,79
L + ws20 + a300 + clf,4,boosting,0.22,0.8277597986335851,715,51
LW + clf,0,logistic,0.41,0.8240328044214655,756,70
LW + ws20 + clf,0,boosting,0.23,0.832677869145513,761,60
LW + clf,1,boosting,0.19,0.8065598210957883,917,58
LW + ws20 + clf,1,logistic,0.46,0.8119436201780416,919,73
LW + clf,2,logistic,0.51,0.8106761565836299,712,71
LW + ws20 + clf,2,logistic,0.45,0.8161545215100966,716,63
LW + clf,3,boosting,0.18,0.8085485307212823,754,54
LW + ws20 + clf,3,logistic,0.46,0.8150268336314848,759,65
LW + clf,4,logistic,0.54,0.8200836820083682,755,87
LW + ws20 + clf,4,boosting,0.25,0.8264848376099049,760,84
