variant,fold,dice,iou,obj_f1,obj_precision,obj_recall,n_merged,count_mae,count_bias
R2 alone,0,0.7201291284109282,0.562657643358056,0.7506925207756233,0.7207446808510638,0.7832369942196532,15,4.4186046511627906,1.3953488372093024
R2 alone,1,0.7651910892742075,0.6196838090716771,0.8148591971240263,0.7399347116430903,0.9066666666666666,4,5.372093023255814,3.9302325581395348
R2 alone,2,0.7709525415562515,0.6272764621574918,0.810126582278481,0.7619047619047619,0.8648648648648649,10,3.5,2.0238095238095237
R2 alone,3,0.7677895736209702,0.6230993969732869,0.8175487465181058,0.771353482260184,0.8696296296296296,10,3.3333333333333335,2.0476190476190474
R2 alone,4,0.7227623647821572,0.5658793202244501,0.7632850241545893,0.7144702842377261,0.8192592592592592,14,4.404761904761905,2.357142857142857
R2 + clf,0,0.7183630881625969,0.560504368692631,0.7712230215827338,0.7679083094555874,0.7745664739884393,12,4.093023255813954,0.13953488372093023
R2 + clf,1,0.7600994416311216,0.6130325827347415,0.834403080872914,0.8044554455445545,0.8666666666666667,3,3.86046511627907,1.3488372093023255
R2 + clf,2,0.7552843419382992,0.6067926735287037,0.8193343898573693,0.8167456556082149,0.821939586645469,4,3.3333333333333335,0.09523809523809523
R2 + clf,3,0.7659430592476725,0.6206707599575791,0.8397951719092904,0.8294797687861272,0.8503703703703703,5,2.7857142857142856,0.40476190476190477
R2 + clf,4,0.720894019056828,0.5635920946325838,0.7825464949928469,0.7565698478561549,0.8103703703703704,12,4.0,1.1428571428571428
R2 + ws20 + clf,0,0.7189812690609281,0.5612574209073953,0.7724335965541995,0.7674750356633381,0.7774566473988439,11,4.116279069767442,0.20930232558139536
R2 + ws20 + clf,1,0.7670455791627371,0.6221199796192458,0.8412397216951296,0.8002406738868832,0.8866666666666667,3,3.9767441860465116,1.8837209302325582
R2 + ws20 + clf,2,0.7671587162197377,0.6222688405334694,0.8277992277992278,0.8048048048048048,0.8521462639109698,5,3.357142857142857,0.8809523809523809
R2 + ws20 + clf,3,0.7697251434301712,0.6256529907278346,0.8419540229885057,0.8172942817294282,0.8681481481481481,6,2.9047619047619047,1.0
R2 + ws20 + clf,4,0.7235323079267957,0.5668238314372486,0.7906316536550745,0.7588555858310627,0.8251851851851851,9,4.166666666666667,1.4047619047619047
R7 alone,0,0.7210835470050574,0.5638238098481236,0.7537212449255751,0.7086513994910941,0.8049132947976878,15,4.1395348837209305,2.186046511627907
R7 alone,1,0.761873296936231,0.6153435630222339,0.8088410991636799,0.7326839826839827,0.9026666666666666,7,5.209302325581396,4.046511627906977
R7 alone,2,0.7717872237756928,0.6283823444242873,0.8110119047619048,0.7622377622377622,0.8664546899841018,10,3.4285714285714284,2.0476190476190474
R7 alone,3,0.7669407604051461,0.6219820879466746,0.8184357541899442,0.774108322324967,0.8681481481481481,12,3.3333333333333335,1.9523809523809523
R7 alone,4,0.7210701544850628,0.563807434015067,0.7629427792915532,0.7061790668348046,0.8296296296296296,12,4.761904761904762,2.8095238095238093
R7 + clf,0,0.7113123553689434,0.5519664585382036,0.7703488372093024,0.7748538011695907,0.7658959537572254,9,3.9069767441860463,-0.18604651162790697
R7 + clf,1,0.7654806050519802,0.6200636524501191,0.8346849656893325,0.7842907385697538,0.892,4,4.348837209302325,2.395348837209302
R7 + clf,2,0.7578826725947881,0.6101538525173046,0.8195956454121306,0.802130898021309,0.8378378378378378,5,3.4285714285714284,0.6666666666666666
R7 + clf,3,0.7619750251184154,0.6154762953722297,0.8317272053372868,0.8323442136498517,0.8311111111111111,7,2.9285714285714284,-0.023809523809523808
R7 + clf,4,0.7116101633916361,0.5523251916243939,0.7761627906976745,0.7617689015691869,0.7911111111111111,7,4.142857142857143,0.6190476190476191
R7 + ws20 + clf,0,0.7149601036841673,0.5563719116689952,0.7721063982746226,0.7682403433476395,0.7760115606936416,10,3.8372093023255816,0.16279069767441862
R7 + ws20 + clf,1,0.7687943545845943,0.624424000529339,0.8367473618870267,0.7828106852497096,0.8986666666666666,4,4.627906976744186,2.5813953488372094
R7 + ws20 + clf,2,0.7546500528466423,0.6059742922634994,0.8174603174603174,0.8161648177496038,0.8187599364069952,4,3.380952380952381,0.047619047619047616
R7 + ws20 + clf,3,0.7649606576540043,0.6193816111160781,0.8415622697126013,0.8372434017595308,0.845925925925926,5,2.9761904761904763,0.16666666666666666
R7 + ws20 + clf,4,0.7187663876066684,0.5609955754001957,0.7827359180687637,0.773121387283237,0.7925925925925926,6,4.261904761904762,0.40476190476190477
